{"cameraMode":{"drawMode":0,"name":"Shaded","section":"Shading Mode"},"sceneLighting":true,"audioPlay":false,"sceneViewState":{"m_AlwaysRefresh":false,"showFog":true,"showSkybox":true,"showFlares":true,"showImageEffects":true,"showParticleSystems":true,"showVisualEffectGraphs":true,"m_FxEnabled":true},"in2DMode":false,"pivot":{"x":-5.446492671966553,"y":-2.9365382194519045,"z":-46.831634521484378},"rotation":{"x":0.007397925481200218,"y":0.9816216826438904,"z":-0.18655602633953095,"w":0.0389067642390728},"size":8.424604415893555,"orthographic":false}