{"cameraMode":{"drawMode":0,"name":"Shaded","section":"Shading Mode"},"sceneLighting":true,"audioPlay":false,"sceneViewState":{"m_AlwaysRefresh":false,"showFog":true,"showSkybox":true,"showFlares":true,"showImageEffects":true,"showParticleSystems":true,"showVisualEffectGraphs":true,"m_FxEnabled":true},"in2DMode":false,"pivot":{"x":-22.547706604003908,"y":-2.4880809783935549,"z":34.983123779296878},"rotation":{"x":-0.14877265691757203,"y":0.3852927088737488,"z":-0.06308700889348984,"w":-0.9085227847099304},"size":11.658897399902344,"orthographic":false}